Author,Article_Count
Chaoji Chen,3
J. Dai,3
Liangbing Hu,3
Tian Li,2
Jianwei Song,2
Azhar Vellore,2
A. Martini,2
T. Xie,1
J. Grossman,1
D. McKnight,1
E. Boyer,1
P. Westerhoff,1
P. Doran,1
T. Kulbe,1
D. Andersen,1
Alexandra H. Brozena,1
J. Zhu,1
Li-Xing Xu,1
C. Driemeier,1
O. Rojas,1
A. Isogai,1
L. Wågberg,1
R. Ross,1
Fadi Hage Chehade,1
Chen Hu,1
Ke Wang,1
Yao Zhai,1
Shuaiming He,1
Wentao Gan,1
Zhiyuan Wei,1
Mohammad Heidarinejad,1
Daniel A. Dalgo,1
Ruiyu Mi,1
Xinpeng Zhao,1
Ablimit Aili,1
Ronggui Yang,1
J. Srebric,1
Xiaobo Yin,1
N. Jeon,1
Hyejin Na,1
E. Jung,1
Tae-Youl Yang,1
Yong Guk Lee,1
Geunjin Kim,1
H. Shin,1
Sang Il Seok,1
Jaemin Lee,1
Jangwon Seo,1
G. Maugin,1
M. Gurtin,1
A. Ian Murdoch,1
Shuze Zhu,1
Mingwei Zhu,1
Upamanyu Ray,1
Yiju Li,1
Yudi Kuang,1
Yongfeng Li,1
Nelson Quispe,1
Yonggang Yao,1
Amy Gong,1
U. Leiste,1
Hugh Alan Bruck,1
J. Y. Zhu,1
Heng Li,1
Marilyn L. Minus,1
Z. Jia,1
Teng Li,1
Yunbo Zhang,1
Wenhao Yu,1
Greg Turk,1
A. T. Hyperparameters,1
Geoffrey E. Hinton,1
R. Salakhutdinov,1
M. Bendsøe,1
D. Schroder,1
W. Callister,1
Niclas Jonzén,1
Andreas Lindén,1
Torbjørn Ergon,1
E. Knudsen,1
J. Vik,1
Diego Rubolini,1
D. Piacentini,1
Christian Brinch,1
Fernando Spina,1
Lennart Karlsson,1
Martin Stervander,1
Arne Andersson,1
Jonas Waldenström,1
A. Lehikoinen,1
Erik Edvardsen,1
Rune Solvang,1
Nils Chr. Stenseth,1
G. Holzapfel,1
T. Gasser,1
R. Ogden,1
A. Nandiyanto,1
R. Oktiani,1
R. Ragadhita,1
D. Klemm,1
B. Heublein,1
H. Fink,1
A. Bohn,1
D. Gu,1
Xinyu Shi,1
R. Poprawe,1
D. Bourell,1
R. Setchi,1
Jihong Zhu,1
